symbol,date,observed_ratio,factor,kind,snap_gap,open_gap
ADANIPORTS,2010-09-23,0.197849,0.2,split_bonus_large,0.0108,0.0186
ASIANPAINT,2000-08-02,0.586422,0.6,split_bonus_large,0.0229,0.0233
ASIANPAINT,2003-08-22,0.674429,0.666667,split_bonus_large,0.0116,0.0089
ASIANPAINT,2013-07-30,0.099791,0.1,split_bonus_large,0.0021,0.0187
AXISBANK,2014-07-28,0.199094,0.2,split_bonus_large,0.0045,0.0157
BAJAJ-AUTO,2010-09-08,0.493961,0.5,split_bonus_large,0.0122,0.0017
BAJFINANCE,2016-09-08,0.10206,0.1,split_bonus_large,0.0204,0.0127
BHARTIARTL,2009-07-24,0.510932,0.5,split_bonus_large,0.0216,0.0306
BPCL,2000-12-20,0.502812,0.5,split_bonus_large,0.0056,0.0155
BPCL,2012-07-13,0.492138,0.5,split_bonus_large,0.0158,0.0072
BPCL,2016-07-13,0.486904,0.5,split_bonus_large,0.0265,0.0007
BPCL,2017-07-13,0.670689,0.666667,split_bonus_large,0.006,0.0048
BRITANNIA,2010-09-08,0.227364,0.222222,split_bonus_large,0.0229,0.0923
BRITANNIA,2018-11-29,0.508634,0.5,split_bonus_large,0.0171,0.0117
CIPLA,2004-05-12,0.204739,0.2,split_bonus_large,0.0234,0.0055
CIPLA,2006-04-24,0.393783,0.4,split_bonus_large,0.0157,0.0232
DRREDDY,2001-10-15,0.500216,0.5,split_bonus_large,0.0004,0.0036
DRREDDY,2006-08-28,0.494872,0.5,split_bonus_large,0.0103,0.0239
EICHERMOT,2020-08-24,0.100286,0.1,split_bonus_large,0.0029,0.0134
GAIL,2008-10-06,0.639538,0.625,split_bonus_large,0.023,0.0156
GAIL,2017-03-09,0.731084,0.714286,split_bonus_moderate,0.0232,0.0146
GAIL,2018-03-27,0.75491,0.75,split_bonus_moderate,0.0065,0.0036
GAIL,2019-07-09,0.486925,0.5,split_bonus_large,0.0265,0.0003
GRASIM,2016-10-06,0.204559,0.2,split_bonus_large,0.0225,0.0074
GRASIM,2017-07-19,0.802875,0.8,split_bonus_moderate,0.0036,0.0225
HCLTECH,2000-11-29,0.494548,0.5,split_bonus_large,0.011,0.0285
HCLTECH,2007-03-15,0.491278,0.5,split_bonus_large,0.0176,0.0148
HCLTECH,2015-03-19,0.488226,0.5,split_bonus_large,0.0238,0.0133
HCLTECH,2019-12-05,0.498356,0.5,split_bonus_large,0.0033,0.0019
HDFC,2002-12-12,0.497719,0.5,split_bonus_large,0.0046,0.0421
HDFC,2010-08-18,0.206451,0.214286,split_bonus_large,0.0372,0.0232
HDFCBANK,2011-07-14,0.200798,0.2,split_bonus_large,0.004,0.0023
HDFCBANK,2019-09-19,0.50328,0.5,split_bonus_large,0.0065,0.0055
HEROMOTOCO,2001-03-14,0.205407,0.2,split_bonus_large,0.0267,0.0245
HINDALCO,2005-08-30,0.102328,0.1,split_bonus_large,0.023,0.0443
HINDUNILVR,2000-07-05,0.103438,0.1,split_bonus_large,0.0338,0.0383
ICICIBANK,2014-12-04,0.201884,0.2,split_bonus_large,0.0094,0.0102
INDUSINDBK,2001-07-02,0.457658,0.468468,exchange_prevclose,0.0233,-1.0
INFY,2000-01-27,0.523817,0.555556,split_bonus_large,0.0588,0.0349
INFY,2004-07-01,0.255028,0.25,split_bonus_large,0.0199,0.0101
INFY,2006-07-13,0.496788,0.5,split_bonus_large,0.0064,0.0321
INFY,2014-12-02,0.48889,0.5,split_bonus_large,0.0225,0.0046
INFY,2015-06-15,0.501481,0.5,split_bonus_large,0.003,0.0108
INFY,2018-09-04,0.513962,0.5,split_bonus_large,0.0275,0.0068
IOC,2003-08-14,0.642113,0.625,split_bonus_large,0.027,0.0088
IOC,2009-10-29,0.489574,0.5,split_bonus_large,0.0211,0.0294
IOC,2016-10-18,0.500856,0.5,split_bonus_large,0.0017,0.0057
IOC,2018-03-15,0.486141,0.5,split_bonus_large,0.0281,0.0336
ITC,2005-09-21,0.072658,0.071429,split_bonus_large,0.0171,0.0142
ITC,2010-08-03,0.493606,0.5,split_bonus_large,0.0129,0.0146
ITC,2016-07-01,0.684989,0.666667,split_bonus_large,0.0271,0.0094
JSWSTEEL,2017-01-04,0.099146,0.1,split_bonus_large,0.0086,0.0139
KOTAKBANK,2001-07-02,0.388754,0.38835,exchange_prevclose,0.001,-1.0
KOTAKBANK,2004-08-25,0.491497,0.5,split_bonus_large,0.0172,0.0453
KOTAKBANK,2005-08-25,0.436256,0.444444,split_bonus_large,0.0186,0.0165
KOTAKBANK,2010-09-13,0.525908,0.5,split_bonus_large,0.0505,0.0121
KOTAKBANK,2015-07-08,0.496002,0.5,split_bonus_large,0.008,0.0126
LT,2006-09-28,0.487739,0.5,split_bonus_large,0.0248,0.0394
LT,2008-10-01,0.497098,0.5,split_bonus_large,0.0058,0.0216
LT,2013-07-11,0.6825,0.666667,split_bonus_large,0.0235,0.0286
LT,2017-07-13,0.67552,0.666667,split_bonus_large,0.0132,0.0046
MM,2005-09-01,0.502496,0.5,split_bonus_large,0.005,0.0176
MM,2010-03-29,0.512166,0.5,split_bonus_large,0.024,0.0106
MM,2017-12-21,0.481401,0.5,split_bonus_large,0.0379,0.005
NTPC,2019-03-19,0.849764,0.833333,split_bonus_moderate,0.0195,0.0125
ONGC,2006-10-27,0.684201,0.666667,split_bonus_large,0.026,0.0026
ONGC,2011-02-08,0.236114,0.24,split_bonus_large,0.0163,0.0454
ONGC,2016-12-15,0.67622,0.666667,split_bonus_large,0.0142,0.0036
RELIANCE,2009-11-26,0.48469,0.5,split_bonus_large,0.0311,0.0124
RELIANCE,2017-09-07,0.497204,0.5,split_bonus_large,0.0056,0.0004
SBIN,2014-11-20,0.102079,0.1,split_bonus_large,0.0206,0.0126
SUNPHARMA,2000-03-08,0.321151,0.32,split_bonus_large,0.0036,0.0312
SUNPHARMA,2003-01-13,0.506175,0.5,split_bonus_large,0.0123,0.0179
SUNPHARMA,2004-05-27,0.522401,0.5,split_bonus_large,0.0438,0.0023
SUNPHARMA,2010-11-25,0.199705,0.2,split_bonus_large,0.0015,0.0007
SUNPHARMA,2013-07-29,0.509487,0.5,split_bonus_large,0.0188,0.0113
TATAMOTORS,2011-09-12,0.191332,0.1875,split_bonus_large,0.0202,0.0175
TATASTEEL,2004-08-11,0.636319,0.625,split_bonus_large,0.0179,0.0787
TCS,2006-07-28,0.488735,0.5,split_bonus_large,0.0228,0.0103
TCS,2009-06-16,0.500193,0.5,split_bonus_large,0.0004,0.0148
TCS,2018-05-31,0.495447,0.5,split_bonus_large,0.0091,0.0132
TECHM,2015-03-19,0.245367,0.25,split_bonus_large,0.0187,0.0073
TITAN,2011-06-23,0.053326,0.052632,split_bonus_large,0.0131,0.0731
UPL,2005-09-27,0.21829,0.214286,split_bonus_large,0.0185,0.048
UPL,2008-10-29,0.51026,0.5,split_bonus_large,0.0203,0.0603
UPL,2019-07-02,0.691995,0.666667,split_bonus_large,0.0373,0.0083
VEDL,2005-02-16,0.49407,0.5,split_bonus_large,0.0119,0.0142
VEDL,2008-08-08,0.053151,0.052632,split_bonus_large,0.0098,0.0071
WIPRO,2004-06-25,0.335779,0.333333,split_bonus_large,0.0073,0.074
WIPRO,2005-08-22,0.503507,0.5,split_bonus_large,0.007,0.0233
WIPRO,2010-06-15,0.605458,0.6,split_bonus_large,0.0091,0.0433
WIPRO,2017-06-13,0.492068,0.5,split_bonus_large,0.016,0.0121
WIPRO,2019-03-06,0.763064,0.75,split_bonus_moderate,0.0173,0.0062
ZEEL,2010-11-11,0.500169,0.5,split_bonus_large,0.0003,0.0493
