date,symbol,ret,close_raw,close,market_ret,classification,direction
2007-02-12,ZEEL,-0.33539338342040104,258.35,129.175,-0.03294755332452879,idiosyncratic,down
2020-03-23,AXISBANK,-0.32726565263229546,308.65,308.65,-0.12936748718180877,market_stress,down
2019-01-25,ZEEL,-0.3093903982692705,318.4,318.4,-0.013037048347147518,idiosyncratic,down
2003-04-10,INFY,-0.3085184833551575,3049.75,47.65234375,-0.019976561431261308,idiosyncratic,down
2020-03-23,BAJAJFINSV,-0.29924382761550206,4621.05,4621.05,-0.12936748718180877,market_stress,down
2006-01-18,RELIANCE,-0.291530790401505,693.7,173.425,-0.009196731648281815,idiosyncratic,down
2020-03-18,INDUSINDBK,-0.27085840209163514,460.8,460.8,-0.04493735806113047,market_stress,down
2020-03-23,INDUSINDBK,-0.2691203156171422,336.45,336.45,-0.12936748718180877,market_stress,down
2020-03-23,BAJFINANCE,-0.26436667447074846,2266.15,2266.15,-0.12936748718180877,market_stress,down
2008-01-21,VEDL,-0.2550483898430187,2481.55,130.6089396,-0.08660317484496222,market_stress,down
2004-05-17,GAIL,-0.24953680419209068,128.25,21.4704326953125,-0.10066015685795926,market_stress,down
2013-04-12,INFY,-0.23900130077045922,2296.65,287.08125,-0.002002174988815812,idiosyncratic,down
2008-10-24,KOTAKBANK,-0.2362558612035306,297.0,74.25,-0.09848188074038977,market_stress,down
2010-05-26,GRASIM,-0.2320228733234595,1838.8,294.208,0.01506662151568619,idiosyncratic,down
2004-05-17,HDFCBANK,-0.2312223183168194,279.85,27.985000000000003,-0.10066015685795926,market_stress,down
2020-10-12,VEDL,-0.22859539838255483,96.95,96.95,-0.0061372444044012885,idiosyncratic,down
2006-12-18,ZEEL,-0.22772273323292236,272.35,136.175,0.001372514636172296,idiosyncratic,down
2002-09-09,BPCL,-0.22511788561792745,202.4,33.733350200000004,-0.008717797922946814,idiosyncratic,down
2008-10-10,BAJAJFINSV,-0.2230923860247307,195.45,195.45,-0.06668696733363401,market_stress,down
2020-03-17,ZEEL,-0.22299327706341998,133.1,133.1,-0.022066520055205426,idiosyncratic,down
2018-10-05,BPCL,-0.22171018378729457,265.3,265.3,-0.03385080078824986,idiosyncratic,down
2008-10-10,ICICIBANK,-0.22135451897851155,363.65,72.73,-0.06668696733363401,market_stress,down
2008-10-08,BAJFINANCE,-0.22116661492075362,75.95,7.595000000000001,-0.043653718792048234,market_stress,down
2004-05-17,WIPRO,-0.21784414749509295,1243.05,46.614328385624994,-0.10066015685795926,market_stress,down
2004-05-17,AXISBANK,-0.21773377206948297,105.65,21.130000000000003,-0.10066015685795926,market_stress,down
2008-10-27,UPL,-0.21251584823912717,140.0,46.66669,-0.04519569635431065,market_stress,down
2001-09-25,HCLTECH,-0.21089492923801023,126.5,15.8125,-0.002239672666175879,idiosyncratic,down
2006-06-08,KOTAKBANK,-0.2106352205839248,215.6,53.9,-0.05639121879569747,market_stress,down
2020-03-23,ADANIPORTS,-0.21016264638138793,207.8,207.8,-0.12936748718180877,market_stress,down
2004-05-14,GAIL,-0.2077153035716135,164.6,27.55581459375,-0.07020015657432696,market_stress,down
2008-01-21,IOC,-0.20595781027200122,494.75,61.84375,-0.08660317484496222,market_stress,down
2002-10-22,HCLTECH,-0.20178631818608306,175.1,21.8875,-0.013820191825360793,idiosyncratic,down
2004-03-01,DRREDDY,-0.20076024382504265,1015.15,507.575,0.02040488180493647,idiosyncratic,down
2003-04-10,WIPRO,-0.20070679312438022,1007.35,37.775587224374995,-0.019976561431261308,idiosyncratic,down
2020-03-23,GRASIM,-0.20042936119728605,433.25,433.25,-0.12936748718180877,market_stress,down
2003-09-15,HCLTECH,-0.20008401313379487,162.75,20.34375,-0.026234566407928935,idiosyncratic,down
2020-03-23,ICICIBANK,-0.19659710876637249,284.0,284.0,-0.12936748718180877,market_stress,down
2020-03-23,JSWSTEEL,-0.19647530423204795,144.4,144.4,-0.12936748718180877,market_stress,down
2019-02-01,VEDL,-0.1964569693555296,162.15,162.15,0.0033755749190974276,idiosyncratic,down
2006-06-08,EICHERMOT,-0.19479223350354502,226.45,22.645,-0.05639121879569747,market_stress,down
2019-02-08,TATAMOTORS,-0.19337503896294006,150.7,150.7,-0.01796609149847429,idiosyncratic,down
2008-01-22,INDUSINDBK,-0.19248017886349977,80.8,80.8,-0.05909031026694634,market_stress,down
2008-10-24,HINDALCO,-0.19170769983386204,43.3,43.3,-0.09848188074038977,market_stress,down
2020-03-16,INDUSINDBK,-0.19078024797331672,664.15,664.15,-0.07234401196909572,market_stress,down
2008-01-21,ADANIPORTS,-0.18689665572182435,825.05,165.01,-0.08660317484496222,market_stress,down
2001-09-17,HCLTECH,-0.18687737332981547,149.65,18.70625,-0.07303368022550205,market_stress,down
2008-01-21,POWERGRID,-0.18646079130213344,110.5,110.5,-0.08660317484496222,market_stress,down
2002-05-10,EICHERMOT,-0.18604595588493678,67.0,6.7,-0.011822858834280955,idiosyncratic,down
2020-03-23,VEDL,-0.18590650387178087,62.65,62.65,-0.12936748718180877,market_stress,down
2020-03-23,MARUTI,-0.18523570587675486,4220.35,4220.35,-0.12936748718180877,market_stress,down
2020-03-23,HINDALCO,-0.18251114822498948,87.9,87.9,-0.12936748718180877,market_stress,down
2008-10-13,BAJFINANCE,0.18232155679395468,85.2,8.520000000000001,0.058627507326528036,market_stress,up
2008-03-28,ADANIPORTS,0.1823215567939549,619.2,123.84000000000002,0.022512783102640332,idiosyncratic,up
2008-07-09,ADANIPORTS,0.18233969425779328,551.35,110.27000000000001,0.042431428393724276,market_stress,up
2011-03-03,BAJAJFINSV,0.18237813548077764,530.25,530.25,0.0062157198478068705,idiosyncratic,up
2002-04-01,ONGC,0.1823822382466873,329.6,35.15736849067546,0.019836261033137088,idiosyncratic,up
2006-09-27,EICHERMOT,0.18239045341460258,290.3,29.03,0.010738310757735138,idiosyncratic,up
2002-02-21,KOTAKBANK,0.1824086306761985,114.85,6.380549175,0.01466859405481799,idiosyncratic,up
2002-02-05,IOC,0.1824334824754188,178.7,13.9609375,0.006640708199683134,idiosyncratic,up
2002-01-31,KOTAKBANK,0.1824518584424546,76.75,4.263884625,0.013202971066097535,idiosyncratic,up
2002-03-04,KOTAKBANK,0.18245743559027727,147.2,8.1777696,0.01594414882102433,idiosyncratic,up
2008-10-31,EICHERMOT,0.18247553323586319,194.85,19.485,0.06465805269907691,market_stress,up
2005-02-09,TITAN,0.18249927138479016,225.1,11.8474632,0.013340939679604003,idiosyncratic,up
2009-05-18,SBIN,0.18254358518278213,1576.55,157.655,0.14897018925767616,market_stress,up
2009-05-19,BAJFINANCE,0.18258933025920454,112.05,11.205,-0.004968183506365976,idiosyncratic,up
2003-07-03,AXISBANK,0.1826676374341969,57.8,11.56,0.013250045123300953,idiosyncratic,up
2003-12-03,AXISBANK,0.18266944338643532,115.0,23.0,0.01625703320807103,idiosyncratic,up
2002-06-05,TITAN,0.18273918052105187,71.85,3.7816091999999997,0.026826985557382037,idiosyncratic,up
2009-03-23,BAJFINANCE,0.18274627542425081,70.65,7.065000000000001,0.04280050523014976,market_stress,up
2014-04-28,UPL,0.1829725278487322,276.6,184.40009220000002,0.0017525695344960163,idiosyncratic,up
2001-07-31,ZEEL,0.18480250791587016,84.75,42.375,0.015180338701102473,idiosyncratic,up
2009-05-18,RELIANCE,0.19366738266051797,2367.55,591.8875,0.14897018925767616,market_stress,up
2005-09-19,VEDL,0.19447267756341668,1049.05,55.213599599999995,0.015549606057495776,idiosyncratic,up
2009-04-02,JSWSTEEL,0.19515133650978944,305.15,30.515,0.042468439664870156,market_stress,up
2009-05-18,HEROMOTOCO,0.1965553712760757,1487.3,1487.3,0.14897018925767616,market_stress,up
2009-05-18,SUNPHARMA,0.1995183560859619,1590.05,159.005,0.14897018925767616,market_stress,up
2009-05-18,HDFC,0.20272026770206164,2374.2,508.75782119999997,0.14897018925767616,market_stress,up
2020-04-07,INDUSINDBK,0.20340988715726027,383.85,383.85,0.0869785063216261,market_stress,up
2009-05-18,ICICIBANK,0.20732393309649932,707.1,141.42000000000002,0.14897018925767616,market_stress,up
2020-03-18,ZEEL,0.20937527269497913,164.1,164.1,-0.04493735806113047,market_stress,up
2004-05-18,WIPRO,0.21372724782815844,1539.25,57.721817278124995,0.07910809095113995,market_stress,up
2009-05-18,MM,0.21396729025318884,635.95,158.9875,0.14897018925767616,market_stress,up
2008-10-31,MM,0.21499923637252394,374.5,93.625,0.06465805269907691,market_stress,up
2009-05-18,LT,0.2194156812001955,1231.65,547.4005474001369,0.14897018925767616,market_stress,up
2009-05-18,BHARTIARTL,0.2265259597910516,1003.2,501.6,0.14897018925767616,market_stress,up
2008-10-31,UPL,0.22798103346324883,106.2,70.8000354,0.06465805269907691,market_stress,up
2009-06-09,TECHM,0.22802777155017306,744.0,186.0,0.03350901943980935,idiosyncratic,up
2005-10-31,TITAN,0.2289220909682843,496.8,26.147577599999998,0.026630209537180122,idiosyncratic,up
2004-05-18,HDFCBANK,0.22966148082363835,352.1,35.21,0.07910809095113995,market_stress,up
2017-10-25,SBIN,0.24441308964021324,324.9,324.9,0.010437449257239089,idiosyncratic,up
2004-05-18,GAIL,0.277690805088211,169.3,28.342645265625002,0.07910809095113995,market_stress,up
2008-10-31,JSWSTEEL,0.2905090831417856,307.0,30.700000000000003,0.06465805269907691,market_stress,up
2020-03-26,INDUSINDBK,0.36930641310809076,435.9,435.9,0.03690868759312689,idiosyncratic,up
